{"type":"saveBoards","args":{"format":{"PDF":false,"PNG":false,"JPG":true,"GIF":true},"presets":{"usePreset":true,"preset":""},"jpegOption":100,"saveOptions":{"useBoardName":true,"export":true,"savePath":"/Users/shuji/Desktop/"},"boards":[{"name":"01アートボード ","height":595.2755737305,"width":841.889831543,"x":0,"y":0,"initIndex":0,"check":true},{"name":"02アートボード ","height":283.459999999999,"width":283.459999999999,"x":645.890410958902,"y":347.54499589041,"initIndex":1,"check":true},{"name":"03アートボード ","height":283.460000000001,"width":283.459999999999,"x":949.350410958901,"y":347.54499589041,"initIndex":2,"check":true},{"name":"04アートボード ","height":283.459999999999,"width":283.46,"x":606.92,"y":0,"initIndex":3,"check":true}]}}